Time (s),Linear Acceleration x (m/s^2),Linear Acceleration y (m/s^2),Linear Acceleration z (m/s^2),Absolute acceleration (m/s^2)
0,-0.278704026,0.546651514,-0.470509656,0.77322904
0.01001,-0.271199709,0.377444056,-0.456309693,0.651330817
0.019989,-0.21954716,0.204711166,-0.247140756,0.388826658
0.029999,-0.196361781,0.056292753,-0.105738124,0.23001603
0.040009,-0.15731846,-0.041495497,-0.079437933,0.181056232
0.050018,-0.062107955,-0.1900291,-0.014177744,0.200423216
0.059998,0.030033054,-0.175340456,0.142104882,0.227684117
0.070007,0.046989394,-0.099767094,0.255118112,0.277932955
0.080017,-0.076102974,-0.007993875,0.36749458,0.375376919
0.089996,-0.252258531,0.011418004,0.324590051,0.411246202
0.100006,-0.454209081,-0.023897424,0.167052028,0.484544483
0.110016,-0.642809852,-0.065261943,0.093123926,0.652790696
0.120026,-0.699714955,-0.053133356,0.028316311,0.702300495
0.130005,-0.534602449,0.024335234,0.022417055,0.535625341
0.140015,-0.301457296,0.039293874,0.150013826,0.339005395
0.150025,-0.052783108,0.018588883,0.359341807,0.363673119
0.160034,0.183047671,0.012598118,0.418475284,0.456931861
0.170014,0.275912273,-0.014736153,0.435310587,0.515596784
0.180023,0.268431637,0.002451299,0.421884211,0.500047838
0.190033,0.167288255,0.086796946,0.280642962,0.338052574
0.200012,-0.098137475,0.230177106,0.191300431,0.314973521
0.210022,-0.315369138,0.312873985,0.135601609,0.464473486
0.220032,-0.475464879,0.385392761,0.04024814,0.613363142
0.230042,-0.55331924,0.470011766,-0.105533472,0.733628349
0.240021,-0.617954654,0.471999527,-0.121157817,0.786975682
0.250031,-0.308499975,0.452449215,-0.246054928,0.600354524
0.26004,-0.086235906,0.242618373,-0.128059285,0.287575185
0.27005,0.309626587,0.000843753,-0.164658762,0.350687672
0.280029,0.47593558,-0.086420386,-0.173530743,0.51390279
0.290039,0.2560715,0.029890966,-0.04359567,0.2614702
0.300049,0.086856442,0.193635078,0.007479174,0.21235471
0.310028,0.02466911,0.195771358,0.020374038,0.198368574
0.320038,0.014668471,0.1039518,0.095666295,0.142032323
0.330048,0.182286363,0.065854851,0.166398309,0.255447797
0.340057,0.250638999,0.15623541,-0.000700496,0.295347086
0.350037,0.13482159,0.130220855,-0.457866806,0.494748769
0.360046,0.238732606,-0.024214051,-0.436737308,0.498316218
0.370056,0.312043095,-0.102668336,-0.116756033,0.348631111
0.380066,0.329130121,-0.078605874,-0.000857787,0.33838773
0.390045,0.179581441,0.07095662,-0.329153218,0.38160998
0.400055,0.121523048,0.161621865,-0.207050491,0.289412136
0.410065,0.177009032,0.099459823,-0.032711079,0.20565619
0.420044,0.226950978,-0.071264476,-0.38214244,0.450131332
0.430054,0.241197061,-0.384474894,-0.493706145,0.670628604
0.440064,0.044587504,-0.351048921,-0.438289744,0.563312781
0.450073,-0.184178449,-0.004385412,-0.414861705,0.453928592
0.460053,-0.276144115,0.27475562,-0.15254684,0.418350046
0.470062,-0.236084036,0.509869823,0.065115763,0.565635016
0.480072,-0.278647527,0.566139918,0.148260831,0.648182169
0.490082,-0.192630965,0.349844833,0.126535501,0.418938335
0.500061,-0.225728033,-0.041669817,0.005891654,0.229617573
0.510071,-0.106792743,-0.617520791,0.0027096,0.626692874
0.520081,0.321833527,-0.668665655,0.164666364,0.760135244
0.53006,0.206997939,-0.301249647,-0.227784133,0.43067982
0.540079875,-0.123429241,0.037716441,0.014523314,0.129877766
0.550088875,-0.359877778,0.134782414,0.252082822,0.459591192
0.560098875,-0.490292175,0.194894276,0.370318201,0.644597367
0.570077875,-0.563698194,0.244387667,0.514134563,0.80113378
0.580087875,-0.482501491,0.200704873,0.631102265,0.819377937
0.590097875,-0.317148518,0.101768267,0.48453011,0.587970569
0.600107875,-0.091349954,0.037873256,0.102431524,0.142377718
0.610086875,-0.011548324,-0.031296345,-0.089894509,0.095884554
0.620096875,-0.065802007,-0.049766822,-0.09885829,0.128761804
0.630106875,-0.184114057,0.060238747,-0.049675021,0.19998575
0.640085875,-0.287231897,0.22184899,0.011493287,0.363113251
0.650095875,-0.349541289,0.29554006,0.088239747,0.466164448
0.660104875,-0.327691048,0.331104726,0.022169718,0.466372447
0.670114875,-0.270160732,0.373895454,-0.022601827,0.46183923
0.680093875,-0.192066197,0.378736802,0.004004173,0.424672842
0.690103875,-0.095961068,0.329918253,-0.038405097,0.345730432
0.700113875,-0.04785544,0.250206268,-0.055838571,0.260789696
0.710123875,0.027486007,0.197036184,-0.050383118,0.205224747
0.720102875,0.101020371,0.191554383,-0.045217688,0.221230279
0.730112875,0.113896452,0.257445413,-0.006837149,0.281597744
0.740121875,0.059543951,0.221335604,0.030572167,0.231234922
0.750101875,-0.004323797,0.18011595,0.0332116,0.183203332
0.760110875,-0.109560522,0.216832517,0.004517559,0.242982009
0.770120875,-0.086439389,0.29325135,0.046908118,0.309303239
0.780130875,-0.069354336,0.333555221,0.107649579,0.357291955
0.790109875,-0.097048504,0.356916126,0.201882137,0.421383354
0.800119875,-0.037652634,0.328651088,0.168878698,0.37141523
0.810129875,-0.011596564,0.237787111,0.06727514,0.247392673
0.820139875,-0.012717548,0.177587833,-0.004104745,0.178089931
0.830118875,-0.015486789,0.176719412,0.006200972,0.177505051
0.840128875,-0.080196024,0.252841316,0.051205237,0.270152012
0.850137875,-0.12504987,0.284188349,0.100132399,0.326231489
0.860117875,-0.124358144,0.296132748,0.144109892,0.352032972
0.870126875,-0.119315724,0.354606476,0.175669069,0.413329913
0.880136875,-0.130638711,0.351820534,0.139045034,0.400222041
0.890146875,-0.111700603,0.330176334,0.101491876,0.363034485
0.900125875,-0.094313103,0.370140774,0.180792984,0.422593489
0.910135875,-0.063098766,0.479883145,0.265430846,0.552017048
0.920145875,-0.112881595,0.588863038,0.391408523,0.716032516
0.930154875,-0.078922939,0.64950908,0.52355969,0.837977102
0.940134875,-0.106874969,0.769274967,0.614023132,0.990065978
0.950143875,-0.066639657,0.809988618,0.581803805,0.999508916
0.960153875,0.015788067,0.82549865,0.600866312,1.021145244
0.970132875,0.040476912,0.964994285,0.638048757,1.157565794
0.980142875,0.03453921,1.181045468,0.699423471,1.373045719
0.990152875,-0.052654689,1.436111394,1.032316568,1.769425316
1.000162875,-0.193589397,1.743848746,1.514142925,2.317566417
1.010141875,-0.177356137,1.852367806,2.011862599,2.740494993
1.020151875,-0.146765588,1.853505381,2.372987807,3.014646492
1.030160875,-0.141180583,1.89540302,2.489556144,3.132151715
1.040170875,-0.271499964,1.871913732,3.009445537,3.554509205
1.050149875,-0.537486186,1.910150868,3.832796651,4.316004854
1.060159875,-1.122993434,1.670653446,5.968473457,6.298799298
1.070169875,-1.186657333,1.596424067,5.969054085,6.291767009
1.080148875,-1.355057437,0.92132684,6.982122204,7.171823636
1.090158875,-1.181084498,-0.69090057,8.293710562,8.405827685
1.100168875,-0.852607146,-1.327909984,8.464958552,8.610795965
1.110178875,-0.253921223,-1.856897059,8.036514934,8.2521582
1.120157875,0.178872594,-2.120014308,6.911175013,7.231237524
1.130167875,0.557595601,-2.330737143,5.487130664,5.987641556
1.140176875,0.796994205,-2.279181219,3.899801064,4.586754313
1.150186875,0.55618697,-2.094267409,1.950257505,2.915270873
1.160165875,-0.112918322,-2.077811006,0.087689524,2.082723836
1.170175875,-0.863320268,-2.024528253,-0.639839759,2.292036529
1.180185875,-1.270338883,-1.914827471,-0.725676885,2.409757677
1.190164875,-1.034851044,-1.999503047,-0.982560271,2.456492175
1.200174875,-0.57662054,-1.748953657,-1.499561139,2.374871313
1.210184875,-0.053067063,-1.54167454,-2.342988083,2.805204031
1.220193875,0.624392877,-2.134726049,-3.363433049,4.032319883
1.230173875,1.878452527,-2.969872751,-4.134870828,5.426406252
1.240182875,0.911942936,-3.454325092,-3.132042938,4.751178246
1.250192875,-1.35711244,-4.099371212,-1.934029727,4.731497595
1.260202875,-1.623465685,-4.469613984,-3.687526671,6.017552903
1.270181875,-0.836745185,-4.211824279,-3.894628032,5.797217761
1.280191875,-1.711289695,-3.111130956,-3.581660492,5.043405608
1.290201875,-2.161540356,-2.229174954,-4.296594872,5.301151307
1.300180875,-1.402339776,-2.016726313,-3.986745068,4.682721229
1.310190875,-0.560838211,-1.84737516,-3.339445431,3.857360532
1.320200875,-0.210830131,-1.708285103,-2.864024699,3.341455493
1.330209875,-0.103595302,-1.501924583,-2.23707922,2.696485282
1.340189875,0.615839058,-1.40710555,-1.204980168,1.952224623
1.350198875,0.899889047,-1.953381087,-1.54499225,2.648112351
1.360208875,0.311475769,-2.213403259,-2.583482893,3.416219402
1.370218875,-1.494028357,-1.49504358,-2.706210687,3.433781053
1.380197875,-3.416985358,-1.228944397,-2.696746969,4.523111482
1.390207875,-3.26249315,-1.077036658,-1.888702696,3.920595285
1.400217875,-1.342292819,-0.345883856,-1.865391017,2.324020072
1.410196875,0.434977004,-0.47001849,-1.688235,1.80561895
1.420206875,0.868480509,-0.862605227,-1.265716367,1.760790758
1.430215875,0.521575291,-0.942261845,-0.763513048,1.320170574
1.440225875,0.144955107,-0.935569122,-0.187528392,0.965126139
1.450204875,0.401732367,-0.814471532,0.088374817,0.912448837
1.460214875,0.432293716,-0.851537032,0.262741127,0.990467604
1.470224875,0.20689247,-0.628723617,0.264263742,0.712694329
1.480234875,0.055557904,-0.493944127,0.330893934,0.597125009
1.490213875,0.319683944,-0.266852304,0.092516985,0.426576334
1.500223875,0.888646971,0.051199974,0.11824181,0.897939866
1.510233875,0.495718757,0.047108678,0.5714402,0.757957924
1.520212875,0.359625397,-0.034336604,0.128346384,0.383382607
1.530222875,0.097881513,-0.14293928,0.064126414,0.184728518
1.540214875,-0.16925482,-0.156653924,0.164426043,0.283237656
1.550224875,-0.271489146,-0.078717556,0.050269098,0.287105891
1.560203875,-0.296112064,-0.05610228,0.167736737,0.34491366
1.570213875,-0.334625627,-0.064216461,0.143436293,0.36969181
1.580223875,-0.399735689,-0.03170945,-0.073658545,0.407700492
1.590233875,-0.271422196,0.079070728,-0.14582605,0.31809971
1.600212875,-0.225339558,0.201702628,-0.248492632,0.391421071
1.610222875,-0.172498124,0.235518245,-0.348325653,0.454483451
1.620231875,-0.133091253,0.241970063,-0.418908563,0.501744135
1.630211875,-0.102300839,0.220668656,-0.460354797,0.520659828
1.640220875,-0.104234659,0.227775947,-0.525298651,0.581966854
1.650230875,-0.068496038,0.285429493,-0.500021138,0.579812764
1.660240875,0.064005669,0.283950732,-0.48053003,0.561813006
1.670219875,0.080219706,0.278838512,-0.442814319,0.529405929
1.680229875,0.032958123,0.285987902,-0.369082099,0.468077893
1.690239875,0.091403383,0.266772197,-0.207356885,0.350026944
1.700248875,0.100277117,0.245284265,-0.031468545,0.266852281
1.710228875,0.030583423,0.255695232,0.043734834,0.261205155
1.720237875,0.059058194,0.164595612,0.065295857,0.186663159
1.730247875,-0.057823408,0.248480937,0.014262528,0.255518576
1.740226875,0.020575329,0.065233877,0.012884924,0.069604771
1.750236875,0.05751716,-0.001617925,0.009201763,0.058271038
1.760246875,0.051275111,0.046477178,-0.046980039,0.083644421
1.770256875,0.028739357,0.042694615,-0.055345066,0.075576829
1.780235875,0.077630997,0.122466424,-0.15918226,0.215322058
1.790245875,0.086126855,0.231670777,-0.114321252,0.272320644
1.800255875,0.1049698,0.287296509,-0.106088372,0.323747874
1.810264875,0.098351775,0.277452137,-0.123787894,0.31933713
1.820244875,0.020326237,0.230902453,-0.043012118,0.235752288
1.830253875,-0.0823937,0.206287429,0.088716295,0.239194077
1.840263875,-0.194273886,0.450385879,0.150629538,0.51310724
1.850242875,-0.088013606,0.303385123,0.253848097,0.405250273
1.860252875,-0.092801744,0.1794376,0.185440936,0.274223188
1.870262875,-0.105695147,0.219629606,0.135046123,0.278650468
1.880272875,-0.129382949,0.193656859,0.019532039,0.233718692
1.890251875,-0.137097034,0.20109978,0.01400759,0.243788701
1.900261875,-0.126699808,0.207747479,0.015916706,0.24385487
1.910270875,-0.120068042,0.233148369,0.022591302,0.26322018
1.920280875,-0.165868551,0.345136582,-0.067406702,0.388812679
1.930259875,0.02417926,0.401113147,0.065970626,0.407220476
1.940269875,0.067075603,0.25876502,0.18301668,0.323965396
1.950279875,0.146156564,0.201727186,0.267720616,0.365691026
1.960258875,0.146472606,0.323334653,0.280489765,0.452409141
1.970268875,0.107143356,0.31109877,0.247639523,0.411810001
1.980278875,0.003319172,0.257179255,0.216201968,0.335999222
1.990288875,-0.051326567,0.184418843,0.247494512,0.312886976
2.000267875,-0.114094088,0.168210361,0.297968262,0.360689994
2.010277875,-0.184337859,0.12938368,0.316548375,0.388488682
2.020286875,-0.238635542,0.096053966,0.270557685,0.373329274
2.030296875,-0.303566679,0.102957773,0.194810514,0.375105543
2.040275875,-0.271306567,0.110276733,0.011672212,0.293094612
2.050285875,-0.162037455,0.19165945,-0.048255901,0.255574087
2.060295875,-0.117051025,0.255563085,-0.013070281,0.281396988
2.070274875,-0.059831342,0.239018388,-0.06216175,0.254113484
2.080284875,-0.048064259,0.205582255,-0.020015604,0.212072773
2.090294875,-0.077536126,0.120885336,-0.054409511,0.153575748
2.100303875,-0.123990062,0.073411793,-0.107280035,0.179643627
2.110283875,-0.100413869,0.084444319,-0.145452998,0.195883544
2.120292875,-0.057899568,0.102736748,-0.176869503,0.212579445
2.130302875,-0.078539362,0.126336111,-0.233855882,0.277160274
2.140312875,-0.114918253,0.099400912,-0.232752512,0.277957691
2.150291875,-0.125935869,0.030579184,-0.246803956,0.278759973
2.160301875,-0.248585895,0.06280202,-0.248007313,0.35671651
2.170311875,-0.295028794,0.174665687,-0.277536922,0.441108642
2.180290875,-0.312713917,0.156577325,-0.228305705,0.417648114
2.190300875,-0.308444865,0.092867818,-0.172350774,0.36533198
2.200309875,-0.281627414,0.073319991,-0.171219338,0.337647573
2.210319875,-0.273139304,0.049498435,-0.188535283,0.335560318
2.220299875,-0.282446975,0.033449582,-0.165866212,0.329251831
2.230308875,-0.246671809,0.02900219,-0.083374279,0.261991181
2.240318875,-0.225855137,0.045514727,-0.040212471,0.233878549
2.250328875,-0.204138431,0.043790967,0.000922691,0.208784576
2.260307875,-0.170370834,0.047578209,0.08653119,0.196920172
2.270317875,-0.201480726,0.089887492,0.097214053,0.241090888
2.280327875,-0.159709533,0.19886205,0.0977672,0.273151378
2.290306875,-0.138968216,0.104621306,0.090179268,0.195933875
2.300316875,-0.137862581,0.04992879,0.017628186,0.147681171
2.310325875,-0.136207965,0.054231171,-0.01858596,0.147780471
2.320335875,-0.134599981,0.058677394,-0.028348471,0.149545402
2.330314875,-0.1378006,0.104317836,-0.093370094,0.196441316
2.340324875,-0.132223234,0.19133376,-0.091811226,0.250041781
2.350334875,-0.141211135,0.162972425,0.063805402,0.224881581
2.360344875,-0.114665068,0.081467502,0.15613703,0.210151859
2.370323875,-0.108012399,0.062371665,0.156683745,0.200266569
2.380333875,-0.090123573,0.140865272,0.15690477,0.229312865
2.390342875,-0.140711344,0.1633408,0.107924983,0.241096871
2.400322875,-0.155819892,0.157247416,0.049418328,0.226823191
2.410331875,-0.10623331,0.153789958,0.066671707,0.198448945
2.420341875,-0.124507686,0.160382693,0.107576489,0.229777008
2.430351875,-0.128004833,0.160551678,0.122058288,0.238872988
2.440330875,-0.139189387,0.179104308,0.134057944,0.263483531
2.450340875,-0.20660084,0.237960627,0.195324485,0.370757092
2.460350875,-0.16349195,0.251633756,0.193199022,0.356896381
2.470360875,-0.118196202,0.181270117,0.208804071,0.300713049
2.480339875,-0.079395394,0.150072298,0.124351566,0.210448652
2.490349875,-0.059102486,0.107273603,0.080748294,0.146700432
2.500358875,-0.08020136,0.12415393,0.060819229,0.159829394
2.510338875,-0.064780791,0.163902133,-0.035904243,0.179859875
2.520347875,0.008231052,0.212661479,-0.151247588,0.261090957
2.530357875,0.012104613,0.223643135,-0.193117161,0.295731316
2.540363375,-0.066425247,0.21353213,-0.153892869,0.271461413
2.550342375,-0.152509125,0.198984842,-0.036679584,0.25337599
2.560352375,-0.210385085,0.14650959,0.090402632,0.271844771
2.570362375,-0.253125527,0.083646174,0.151775007,0.306765167
2.580371375,-0.259891194,-0.027318776,0.131472305,0.292531563
2.590351375,-0.292502431,-0.033807431,0.05631278,0.299786164
2.600360375,-0.239171001,-0.029667603,-0.054855654,0.247168115
2.610370375,-0.182455567,-0.024114502,-0.181089438,0.258195522
2.620349375,-0.164417711,0.009984705,-0.312069408,0.352874189
2.630359375,-0.133185832,0.016707249,-0.406055798,0.42766682
2.640369375,-0.146855599,0.02787894,-0.370148631,0.399191447
2.650379375,-0.179994986,0.074786473,-0.35228071,0.402607638
2.660358375,-0.184894514,0.060288302,-0.303029612,0.360066114
2.670368375,-0.161312839,0.034473429,-0.244700713,0.295107926
2.680378375,-0.178330576,-0.027921039,-0.300156875,0.350250665
2.690387375,-0.167255803,-0.062006798,-0.402953265,0.440670717
2.700367375,-0.18589373,-0.067650531,-0.480793154,0.519899154
2.710376375,-0.14951272,-0.022266782,-0.588232234,0.607344238
2.720386375,-0.09732822,-0.015049564,-0.680906509,0.687991966
2.730365375,-0.103358015,0.036279634,-0.704647958,0.713111377
2.740375375,-0.120467845,0.084691072,-0.663235638,0.679386923
2.750385375,-0.087640553,0.059190779,-0.585054857,0.594536458
2.760395375,-0.094703405,0.01096119,-0.489373358,0.498573131
2.770374375,-0.109545539,-0.078189552,-0.504317672,0.521967572
2.780384375,-0.076236875,-0.126381719,-0.584967148,0.603300062
2.790393375,-0.049415989,-0.164745301,-0.721293812,0.741517172
2.800403375,-0.014446862,-0.144520367,-0.817547752,0.830348828
2.810382375,-0.001582841,-0.079181825,-0.802582389,0.806480475
2.820392375,-0.026568871,-0.042595212,-0.701590449,0.703384259
2.830402375,-0.068198707,-0.011462297,-0.568304338,0.572496523
2.840381375,-0.060218281,-0.057200387,-0.572763425,0.578753891
2.850391375,-0.063172952,-0.129877185,-0.589280055,0.606720601
2.860401375,-0.041931772,-0.288056647,-0.662142209,0.723302986
2.870410375,-0.066094368,-0.384391864,-0.739764581,0.836287753
2.880390375,-0.07245972,-0.402635177,-0.828879071,0.924340853
2.890399375,-0.087293302,-0.384867827,-0.80107673,0.893010242
2.900409375,-0.108304686,-0.355168357,-0.746480693,0.833731307
2.910419375,-0.081042263,-0.23592375,-0.731743956,0.773095777
2.920398375,0.010177079,-0.098589611,-0.668106369,0.675418096
2.930408375,0.094601664,-0.07057063,-0.65108337,0.661694222
2.940418375,0.158099283,-0.052862923,-0.613064189,0.635324776
2.950397375,0.258201787,-0.00370158,-0.529819134,0.58939815
2.960407375,0.02176034,-0.002626569,-0.290960959,0.291785351
2.970417375,-0.068227066,-0.00475554,-0.207296659,0.218287545
2.980426375,-0.143980084,0.031094323,-0.176962473,0.230245171
2.990406375,-0.121918101,0.05184463,-0.22981604,0.265268357
3.000415375,-0.114120839,0.09697841,-0.171264362,0.227507933
3.010425375,-0.109611832,0.091816196,-0.086203161,0.166960931
3.020435375,-0.159078764,0.055696776,0.014999278,0.169213364
3.030414375,-0.161455731,0.050359437,0.094257116,0.193619291
3.040424375,-0.195627005,0.072937876,0.218222181,0.302011224
3.050434375,-0.192501814,0.122893855,0.299197932,0.376403043
3.060413375,-0.193185866,0.22384808,0.365612361,0.47021393
3.070423375,-0.163452189,0.324018485,0.442450622,0.572247455
3.080432375,-0.072193014,0.33839445,0.526008503,0.62960907
3.090442375,-0.123041643,0.175210648,0.629893645,0.665284917
3.100421375,-0.133654047,0.018493574,0.701115655,0.713980797
3.110431375,-0.223849761,0.040018929,1.024034572,1.048979044
3.120441375,-0.332193112,0.027676041,1.170447097,1.21698999
3.130451375,-0.379211669,-0.066558271,1.228066145,1.287003477
3.140430375,-0.380150367,-0.144505164,1.170911366,1.239527923
3.150440375,-0.418416593,-0.073001318,1.061501775,1.143323076
3.160450375,-0.462915219,0.083481429,0.959211754,1.068338354
3.170429375,-0.41355032,0.247587044,0.835466545,0.964534893
3.180439375,-0.319225449,0.340577654,0.777327679,0.906717347
3.190448375,-0.295116575,0.455834314,0.809842291,0.975050384
3.200458375,-0.26518234,0.490635919,0.750953228,0.935401534
3.210437375,-0.25365185,0.413061201,0.684611304,0.83883935
3.220447375,-0.313237243,0.318675007,0.613429055,0.758924592
3.230457375,-0.400174815,0.316358487,0.613990388,0.798252323
3.240467375,-0.402997704,0.370583957,0.702224287,0.89042606
3.250446375,-0.32694699,0.436404601,0.666444005,0.861098672
3.260456375,-0.274733401,0.465068676,0.553507959,0.773394062
3.270465375,-0.19785304,0.455371799,0.479244812,0.690061512
3.280445375,-0.064517447,0.455448544,0.472722827,0.659592866
3.290454375,-0.020938587,0.503528152,0.428035482,0.661206018
3.300464375,-0.003729208,0.484773939,0.405614333,0.632093874
3.310474375,0.040791053,0.393652392,0.530744163,0.662053988
3.320453375,0.075945245,0.248707079,0.643983096,0.694504945
3.330463375,0.165140865,0.145963167,0.593130446,0.632756254
3.340473375,0.172556304,0.041115428,0.654056679,0.677684511
3.350482375,0.016995517,-0.005435572,0.735844608,0.736060921
3.360462375,-0.110062433,0.115801767,0.633374493,0.653212857
3.370472375,-0.07097555,0.30503433,0.340045996,0.462292927
3.380481375,0.0113512,0.447739721,0.28493248,0.530835404
3.390461375,-0.109355212,0.544103005,0.359489742,0.661240891
3.400470375,-0.006803966,0.697105927,0.405569894,0.806529545
3.410480375,0.236333639,0.765349658,0.315892902,0.861047045
3.420490375,-0.077573841,0.37816648,0.381774065,0.542935562
3.430469375,-0.264729619,0.126202502,0.152502401,0.330553815
3.440479375,-0.252268179,0.158459398,-0.014378303,0.298253836
3.450489375,-0.283437785,0.108166327,0.013932745,0.30369566
3.460498375,-0.249736773,0.246240869,-0.015316197,0.351052143
3.470478375,-0.154599505,0.459413833,-0.010322675,0.484838772
3.480487375,-0.158171423,0.461401741,0.190622154,0.523685565
3.490497375,-0.121131212,0.247617231,0.033551908,0.277691905
3.500476375,-0.097146518,0.031469861,0.078984774,0.129098383
3.510486375,-0.223146999,-0.156154206,0.139626832,0.306062692
3.520496375,-0.325751308,-0.243506126,-0.000256108,0.406705315
3.530506375,-0.23090523,-0.521697571,0.523967825,0.774614654
3.540454,-0.284343227,-0.691192419,1.342896105,1.536869539
3.550464,-0.094903965,-0.405361807,1.16596813,1.238065684
3.560473,-0.081363421,-0.326301823,1.339994717,1.381549393
3.570483,0.004059429,-0.140572473,1.161032495,1.169518514
3.580462,-0.234128362,0.221262295,0.87201632,0.929615811
3.590472,-0.493658344,0.397144787,0.593913973,0.868421758
3.600482,-0.621334491,0.479823247,0.256886895,0.826001074
3.610461,-0.914143609,0.922232208,-0.715250714,1.482482502
3.620471,-0.889713649,0.878762911,-0.714262535,1.440133883
3.630481,-0.620077924,1.279660222,-0.653587148,1.564992995
3.640491,-0.20679526,0.249418977,-0.345801995,0.473870368
3.65047,0.112118752,0.082694686,-0.407234012,0.430405119
3.66048,0.20063858,1.04877151,-0.534748921,1.194208495
3.670489,-0.107802922,1.308063218,-0.637965142,1.459332167
3.680499,-0.180981192,0.726059293,-0.204816855,0.775800382
3.690478,-0.278025968,-0.127577621,-0.010715607,0.306087099
3.700488,-0.509860394,-0.981280169,-0.345217273,1.15846595
3.710498,-0.589736941,-1.315168024,-0.549713116,1.542608538
3.720477,-0.380186181,-1.601425775,-0.213088326,1.659672462
3.730487,-0.212581153,-1.682761422,0.112247245,1.699845932
3.740497,-0.249372419,-1.105764906,-0.054479678,1.134843894
3.750506,-0.42412903,0.038712149,-0.222557307,0.480537011
3.760486,-0.524739292,0.093327336,0.536613598,0.756317044
3.770495,-0.444500181,-0.097086949,0.901161767,1.009504243
3.780505,-0.274163297,-0.134859159,0.66875541,0.735245744
3.790515,-0.205766479,-0.315072538,0.693243549,0.788794755
3.800494,-0.271087808,-0.238315261,0.602082533,0.701987279
3.810504,-0.309323409,-0.041843625,0.362081228,0.478053005
3.820514,-0.261947514,0.167549626,0.180981849,0.359783
3.830493,-0.21962533,0.213857673,0.031296637,0.308139367
3.840503,-0.231176578,0.249773611,-0.098946583,0.354428968
3.850513,-0.156977823,0.315480089,-0.151890782,0.383719341
3.860522,-0.143348183,0.355130716,-0.152020006,0.412039572
3.870502,-0.18692284,0.382489619,-0.070789316,0.43156643
3.880511,-0.224144022,0.376430916,0.125401726,0.455704257
3.890521,-0.240787354,0.318565847,0.366098265,0.541747809
3.9005,-0.225519799,0.268293789,0.477040411,0.591952946
3.91051,-0.139963997,0.197874565,0.495062115,0.551208455
3.92052,0.03297603,0.027402702,0.438167537,0.440260283
3.93053,0.181253745,-0.142607432,0.277426994,0.360770754
3.940509,0.162890783,-0.075736371,0.273438608,0.327166743
3.950519,-0.035600955,-0.041334315,0.355867392,0.36002438
3.960528,-0.18042344,0.069980829,0.447613129,0.48765505
3.970538,-0.297091984,0.270371707,0.391312628,0.560794151
3.980517,-0.280339821,0.349395913,0.286708864,0.531855142
3.990527,-0.246019077,0.353871225,0.106525744,0.443957165
4.000537,-0.211768207,0.151166312,-0.030268697,0.261941256
4.010516,-0.11471561,-0.077441438,-0.009657846,0.138744807
4.020526,0.073356317,-0.07779355,0.120206475,0.160880646
4.030536,0.084692241,0.349138818,0.399649004,0.537391865
4.040545,0.11622876,0.566132134,0.481927514,0.75250837
4.050525,0.163008057,0.561425673,0.751099994,0.951799146
4.060535,0.043702126,0.54550239,1.259355766,1.373120416
4.070544,-0.264282563,0.644619711,1.859086549,1.985341946
4.080554,-0.518297561,0.800976597,2.421616761,2.602772293
4.090533,-0.66183618,0.424880032,2.99220853,3.093842604
4.100543,-0.878123006,-0.247561244,3.659178784,3.771203516
4.110553,-1.087869575,-0.434372694,4.116216456,4.27964692
4.120532,-0.906302419,-0.602023769,4.902253563,5.021544253
4.130542,-0.590040924,-0.865785235,5.866391596,5.959218298
4.140552,-0.194802036,-1.030922592,6.346457357,6.43259436
4.150561,0.151409118,-1.148682591,6.463623279,6.566644677
4.160541,0.437312235,-1.294187337,6.397958463,6.542173595
4.17055,0.48866146,-1.251693867,6.024696774,6.172722153
4.18056,0.140577443,-1.292141688,5.685443076,5.832122695
4.19057,-0.358208763,-1.377667158,4.761113471,4.969354264
4.200549,-0.681771166,-1.578110003,3.543441921,3.938429097
4.210559,-0.810966273,-1.623807455,2.520016045,3.105623579
4.220569,-0.809283298,-1.629607016,1.433320372,2.316239575
4.230548,-0.613399381,-1.538179075,0.354340099,1.693461122
4.240558,-0.601277518,-1.134522389,-0.389163777,1.341687054
4.250567,-0.534921268,-0.853233309,-1.074500721,1.47265055
4.260577,-0.261290433,-0.863601007,-1.171400778,1.47860041
4.270556,-0.072476384,-0.816305804,-1.232061548,1.47972418
4.280566,-0.116535446,-0.893120091,-1.399637486,1.664400522
4.290576,-0.316789865,-1.021321464,-1.389389656,1.753241845
4.300586,-0.472699585,-1.240913647,-1.475930786,1.985367287
4.310565,-0.53198582,-1.316891783,-1.648686773,2.176093048
4.320575,-0.56290268,-1.382977014,-1.859591163,2.384861452
4.330585,-0.446244588,-1.393953407,-2.142920337,2.595062216
4.340564,-0.336924898,-1.298615141,-2.598455858,2.924361899
4.350574,-0.190833823,-1.155247845,-2.769529016,3.006876469
4.360583,-0.181038421,-0.80667427,-2.757501293,2.878769124
4.370593,-0.257558009,-0.668538478,-2.601470683,2.698319762
4.380572,-0.261732775,-0.759117696,-2.228244077,2.368509107
4.390582,-0.291609123,-0.93367287,-1.970271354,2.199715918
4.400592,-0.276395545,-1.09319193,-1.650905206,1.999237628
4.410602,-0.206906649,-1.123020916,-1.558120419,1.931767475
4.420581,-0.120840605,-1.10568626,-1.495791439,1.864010887
4.430591,-0.067161411,-1.02400592,-1.377785271,1.717961302
4.4406,-0.088879286,-0.835191725,-1.319634712,1.564250785
4.45058,0.068583747,-0.806394773,-1.32782783,1.555025083
4.460589,0.261220559,-0.889977213,-1.459229969,1.729059779
4.470599,0.277689095,-0.544481612,-1.967544798,2.06029221
4.480609,0.151363071,-0.478101096,-1.990211529,2.052421343
4.490588,0.057583964,-0.403504658,-1.808135666,1.853506544
4.500598,0.026294052,-0.445603441,-1.497190093,1.562316222
4.510608,-0.071329453,-0.524444373,-1.106960369,1.226984535
4.520618,-0.074883537,-0.563283334,-0.871926858,1.040745936
4.530597,-0.060843495,-0.530834211,-0.855386839,1.008550214
4.540594625,0.044682668,-0.489963927,-0.997271866,1.112030739
4.550603625,0.148136577,-0.402067997,-1.084664351,1.166233199
4.560583625,0.111347651,-0.303572234,-1.127912112,1.1733457
4.570592625,0.053749068,-0.193893086,-0.987022281,1.007321436
4.580602625,0.033714168,-0.075760034,-0.730472771,0.735164401
4.590612625,0.034664926,-0.112847169,-0.629559184,0.640531738
4.600591625,0.023132462,-0.091680248,-0.661933463,0.668652592
4.610601625,0.046510215,0.031827564,-0.841035433,0.842921582
4.620611625,0.123833503,0.06721199,-0.922213497,0.932914745
4.630620625,0.143235587,0.071109159,-0.957478639,0.970741104
4.640600625,0.103552143,0.057131975,-0.857897049,0.866010655
4.650609625,0.007196753,0.100755127,-0.612344981,0.620620468
4.660619625,-0.108312653,0.167207564,-0.347270815,0.400358613
4.670598625,-0.108241025,0.105277948,-0.132645841,0.200983793
4.680608625,-0.13846192,-0.013683069,-0.069052693,0.155329341
4.690618625,-0.104451737,-0.023022827,-0.066966991,0.126193478
4.700628625,-0.070540517,0.046402919,-0.003273856,0.084498009
4.710607625,-0.147798901,0.035486752,0.013118813,0.152564504
4.720617625,-0.203222319,0.148523955,-0.092820455,0.268280288
4.730626625,-0.198805917,0.217277271,0.02272228,0.295380276
4.740636625,-0.21271235,0.121234415,0.138826933,0.281455582
4.750615625,-0.220615447,0.107774125,0.090517237,0.261686468
4.760625625,-0.211581791,0.158601047,-0.004794132,0.264469526
4.770635625,-0.184363294,0.185236284,-0.024448378,0.262488149
4.780614625,-0.240889497,0.20656985,0.08609148,0.328801757
4.790624625,-0.283106979,0.309699531,0.279973456,0.504428882
4.800634625,-0.308455536,0.173369944,0.267242314,0.443419
4.810644625,-0.235985145,0.179358078,0.237550153,0.379853108
4.820623625,-0.17887042,0.158168353,0.213512249,0.32031131
4.830633625,-0.152576953,0.11637421,-0.009801103,0.192142512
4.840642625,-0.09579815,0.166388369,-0.164404993,0.252767436
4.850652625,-0.058413538,0.286513567,-0.229611973,0.371784647
4.860631625,-0.088608267,0.300365036,-0.205912623,0.374794061
4.870641625,-0.131088435,0.208121116,-0.08122835,0.259030156
4.880651625,-0.229187903,0.139170164,0.073342795,0.277983085
4.890630625,-0.307399675,0.10994812,0.185930933,0.375703954
4.900640625,-0.325158108,0.091265096,0.281449878,0.439626144
4.910650625,-0.327590111,0.058555772,0.275107988,0.431773626
4.920659625,-0.354151234,0.076175187,0.148988224,0.391692796
4.930639625,-0.276925887,0.106288347,0.047236147,0.300360473
4.940648625,-0.226736897,0.113369325,-0.02958925,0.255220979
4.950658625,-0.170861489,0.117975762,-0.109555771,0.234764554
4.960637625,-0.120137185,0.179358662,-0.06493333,0.225430278
4.970647625,-0.09822913,0.244050502,-0.004698822,0.263119153
4.980657625,-0.046786058,0.199845552,0.102500521,0.22942
4.990667625,-0.030400551,0.114522396,0.170080301,0.207284542
5.000646625,-0.033706859,0.135730832,0.187386889,0.233822278
5.010656625,-0.057612908,0.250315209,0.182150123,0.314889851
5.020666625,-0.065567168,0.295540498,0.220758703,0.374670048
5.030675625,-0.090335681,0.148049746,0.272116553,0.32268666
5.040655625,-0.120451034,0.065081264,0.210438952,0.251054925
5.050664625,-0.19017455,0.068589009,0.161540442,0.25877814
5.060674625,-0.281444323,0.128338197,-0.001453618,0.309327841
5.070653625,-0.266711386,0.222015855,-0.07530629,0.355101451
5.080663625,-0.195749723,0.199728608,-0.105953302,0.299057809
5.090673625,-0.1196238,0.16452603,-0.169258182,0.264626152
5.100683625,-0.119371638,0.173673415,-0.206906065,0.295333985
5.110662625,-0.09427992,0.18560115,-0.212326434,0.297353333
5.120672625,-0.11681509,0.162065522,-0.214472362,0.293103041
5.130681625,-0.175891263,0.182561182,-0.21004485,0.329219017
5.140691625,-0.186490365,0.172660092,-0.169785016,0.305642136
5.150670625,-0.177050766,0.120228694,-0.104265211,0.238061225
5.160680625,-0.184317394,0.068026507,-0.104349411,0.222461922
5.170690625,-0.221587546,0.075933697,-0.122757615,0.264454909
5.180669625,-0.228885456,0.065819768,-0.159588642,0.286686812
5.190679625,-0.181585867,0.091628793,-0.25810487,0.328614343
5.200689625,-0.145049247,0.121898074,-0.334077743,0.384065571
5.210699625,-0.163384654,0.137200238,-0.280442988,0.352372984
5.220678625,-0.193976701,0.097570733,-0.265782849,0.343201881
5.230688625,-0.223412608,-0.008029981,-0.1979072,0.298571489
5.240697625,-0.259834768,-0.041765492,-0.15437351,0.305105955
5.250707625,-0.294622486,-0.009256727,-0.065465426,0.301950026
5.260686625,-0.290224502,0.042531477,-0.086189128,0.305724965
5.270696625,-0.258010437,-0.019878194,-0.156349869,0.302340553
5.280706625,-0.226701521,0.010323844,-0.226145743,0.320377993
5.290685625,-0.162607559,0.07211605,-0.271038326,0.324197034
5.300695625,-0.126592511,0.094633677,-0.307923732,0.346118797
5.310705625,-0.136528392,0.150936517,-0.224500921,0.303022273
5.320714625,-0.147489583,0.112417399,-0.20655991,0.277592948
5.330694625,-0.169011576,0.068844532,-0.216865042,0.28343417
5.340703625,-0.176932214,0.10974756,-0.205656515,0.292650196
5.350713625,-0.185181174,0.115960227,-0.116414555,0.247570576
5.360723625,-0.185455408,0.035832907,-0.06153025,0.198654668
5.370702625,-0.162192845,-0.024302198,-0.076619575,0.181018439
5.380712625,-0.152353882,0.024372364,-0.098429105,0.183013677
5.390722625,-0.135722792,0.07983262,-0.189868448,0.246665667
5.400701625,-0.05418147,0.106996445,-0.329250866,0.350414046
5.410711625,0.054561977,0.069828034,-0.421174943,0.430396674
5.420720625,0.087197773,0.076451175,-0.534179403,0.546622235
5.430730625,0.113937967,0.09789233,-0.61641055,0.634449947
5.440709625,0.104590754,0.073658545,-0.662714067,0.674947954
5.450719625,0.048677632,0.105434069,-0.778536299,0.787149683
5.460729625,0.066669807,0.116673002,-0.931704698,0.941345365
5.470739625,0.008923143,0.125888214,-1.112905233,1.120038179
5.480718625,0.072744625,0.131791563,-1.258981544,1.267949259
5.490728625,0.165107244,0.123873264,-1.430890853,1.445701775
5.500738625,0.195336033,0.123991962,-1.490638872,1.508487461
5.510717625,0.215445046,0.106127549,-1.621398987,1.639089472
5.520727625,0.277484881,0.036373774,-1.692027504,1.715015448
5.530736625,0.212098465,-0.048182811,-1.707105135,1.720905367
5.540746625,0.121555573,-0.041126976,-1.751432877,1.756127645
5.550738,0.178970115,-0.117569965,-1.773905481,1.786783046
5.560748,0.213841155,-0.167806318,-1.772989222,1.793705043
5.570758,0.11834304,-0.20711481,-1.698452425,1.715121646
5.580768,0.186394836,-0.164083981,-1.601754096,1.6208895
5.590747,0.431106659,-0.103013906,-1.466299837,1.531828982
5.600757,0.576964978,-0.025306749,-1.304285771,1.426425739
5.610766,0.684438665,0.053983249,-1.336188179,1.502254748
5.620746,0.692610734,0.083966601,-1.066287137,1.27425597
5.630755,0.526095188,0.093654268,-0.730887923,0.905397385
5.640765,0.02925373,-0.214141409,-0.450750745,0.499888546
5.650775,-0.253294804,-0.364747558,-0.198037593,0.486228266
5.660754,-0.360860987,-0.410200304,0.011772199,0.54646457
5.670764,-0.343096561,-0.450143219,-0.013135185,0.566141944
5.680774,-0.227168494,-0.39592462,-0.021354032,0.456965889
5.690784,-0.026537734,-0.302656268,-0.121560105,0.327233749
5.700763,-0.085123181,-0.27213351,-0.17374709,0.333902162
5.710773,-0.272757901,-0.241364876,0.15285148,0.394990444
5.720782,-0.463931027,-0.07580155,0.269888763,0.542049645
5.730762,-0.532422168,-0.047162764,0.468508154,0.710772525
5.740771,-0.63707366,-0.172418017,0.832923591,1.062709993
5.750781,-0.547025626,-0.255408134,0.540541173,0.810342588
5.760791,-0.273539071,-0.437986858,0.073359168,0.521572314
5.77077,-0.079754633,-0.521887971,0.104283922,0.538147741
5.78078,0.042801491,-0.347113818,0.293591037,0.456635157
5.79079,0.026434412,-0.194749119,0.534396919,0.569390959
5.800769,-0.028057225,-0.129590379,0.760134526,0.77161219
5.810779,-0.113063096,-0.217902046,1.03696452,1.065626567
5.820788,-0.219677517,-0.264339463,1.004792554,1.061951807
5.830798,-0.190962718,-0.242622612,0.770483513,0.830046587
5.840777,-0.206056355,-0.249031745,0.501213385,0.596398264
5.850787,-0.212820048,-0.209328859,0.447935895,0.538291288
5.860797,-0.287708482,-0.162516635,0.630136889,0.71151973
5.870807,-0.454117718,-0.050948544,0.611047484,0.763018797
5.880786,-0.532076378,0.008297491,0.579218166,0.786554387
5.890796,-0.624177261,0.02644374,0.626461329,0.88473178
5.900806,-0.591918793,0.056162945,0.755716955,0.96157696
5.910785,-0.540533645,0.04281609,0.882220296,1.035530053
5.920795,-0.49347328,-0.00036589,0.816183597,0.953767097
5.930804,-0.491469293,-0.135438618,0.640427989,0.818555859
5.940814,-0.410326531,-0.21631555,0.740538168,0.87381752
5.950793,-0.401578804,-0.15587047,0.827807277,0.933180597
5.960803,-0.443040095,-0.213568894,0.948545263,1.068472889
5.970813,-0.435752783,-0.233858805,0.910503278,1.036140265
5.980823,-0.264045056,-0.122098853,0.860342354,0.908194301
5.990802,-0.078324258,-0.074540013,0.99141471,0.997293352
6.000812,-0.011577999,-0.243324388,1.183852424,1.208655191
6.010821,-0.269581419,-0.461395784,1.410824379,1.508637013
6.020801,-0.305562334,-0.35629073,1.276831339,1.36037116
6.03081,-0.257043308,-0.16535787,1.158922235,1.198547135
6.04082,-0.276276335,-0.114885655,0.845316764,0.896709406
6.05083,-0.361731711,-0.132577429,0.735631769,0.830409962
6.060809,-0.475726176,-0.046734967,0.580139102,0.751705348
6.070819,-0.606914745,0.073464929,0.384902911,0.722421521
6.080829,-0.603504357,0.099078803,0.342570239,0.700991074
6.090838,-0.540056731,0.116541586,0.187013252,0.583281382
6.100818,-0.407487635,0.156839354,0.020931278,0.437130271
6.110827,-0.39608973,0.136241002,0.527870257,0.673866228
6.120837,-0.351520279,0.01850176,0.881158442,0.948867231
6.130816,-0.261427477,0.004999516,0.834842062,0.874831749
6.140826,-0.347326802,0.195993406,1.338631731,1.396776372
6.150836,0.210653326,0.27287691,1.358442097,1.401499755
6.160846,0.286792625,0.344672861,1.348309457,1.420910899
6.170825,0.231316655,0.293100528,0.877334948,0.953484098
6.180835,-0.103464873,0.403102004,0.584398214,0.717438135
6.190845,-0.268042249,0.393404506,0.18463402,0.510591299
6.200854,-0.265286749,0.329784936,-0.207310692,0.471288538
6.210834,-0.222352983,0.272039808,-0.475941719,0.59158011
6.220843,-0.171590527,0.260324546,-0.720748851,0.785296813
6.230853,-0.174178358,0.328488791,-0.728460159,0.817861351
6.240832,-0.230177362,0.394639182,-0.719430304,0.852233339
6.250842,-0.259327998,0.397625757,-0.629900077,0.788753041
6.260852,-0.260326373,0.390532135,-0.432930771,0.638525035
6.270862,-0.36132193,0.377057446,-0.138031127,0.540165203
6.280841,-0.587078834,0.277842347,0.234265187,0.69046224
6.290851,-0.63106455,0.131064242,0.441351346,0.781160235
6.30086,-0.567994691,-0.070744137,0.540488548,0.787242385
6.31087,-0.496665896,-0.227645664,0.597181397,0.809398037
6.320849,-0.373831537,-0.30076484,0.639542136,0.799514634
6.330859,-0.204410181,-0.27642363,0.601023018,0.692403216
6.340869,-0.031801503,-0.158850759,0.514002416,0.538927994
6.350848,-0.001317606,-0.06212896,0.500572531,0.504415109
6.360858,-0.107062409,-0.02794552,0.459557821,0.472690916
6.370868,-0.170228948,-0.037257353,0.3099954,0.355616582
6.380878,-0.277209459,0.026066938,0.154729605,0.318537
6.390857,-0.345899461,0.095928616,0.039118457,0.361080309
6.400867,-0.326907266,0.184941036,-0.00599632,0.375642786
6.410876,-0.271567261,0.234188369,-0.031197819,0.359953155
6.420856,-0.161241741,0.28384276,-0.045755047,0.329634852
6.430865,0.038506884,0.248762225,0.002437119,0.251736696
6.440875,0.192199842,0.21814096,0.003069203,0.290750198
6.450885,0.222203148,0.219207601,0.085175221,0.323544479
6.460864,0.195984032,0.199554214,0.170308342,0.327469933
6.470874,0.137926242,0.150341334,0.196483988,0.283252754
6.480884,-0.038744775,0.031318619,0.217131091,0.222773257
6.490893,-0.190293065,0.010336077,0.178064674,0.260816627
6.500873,-0.36360567,0.072319304,0.193960329,0.418401451
6.510882,-0.415815568,0.047779326,0.116491154,0.43446017
6.520892,-0.362108235,0.111068272,-0.022306543,0.379415493
6.530871,-0.269115615,0.213286181,-0.063191444,0.349152357
6.540881,-0.162279896,0.326609715,0.008457413,0.364801588
6.550880917,-0.039530704,0.372516681,0.026270955,0.375528317
6.560890917,0.089873852,0.380189653,0.02059097,0.391210262
6.570869917,0.122667093,0.327058599,0.035742275,0.351129681
6.580879917,0.076723327,0.244238837,0.083167872,0.269176473
6.590888917,-0.022941829,0.152154418,0.086608374,0.176573795
6.600898917,-0.074951374,0.060489665,0.101216472,0.139719298
6.610878917,-0.155987999,-0.011986664,0.13554606,0.206999204
6.620887917,-0.219495559,0.002993336,0.153076013,0.267618247
6.630897917,-0.270828831,0.018787707,0.150792675,0.310547363
6.640876917,-0.275638495,0.084507195,0.038693365,0.290886958
6.650886917,-0.271316653,0.1543844,-0.021177446,0.312882971
6.660896917,-0.182214662,0.22257483,-0.021561023,0.28845557
6.670906917,-0.100837911,0.29148116,0.006972805,0.308509597
6.680885917,-0.007552031,0.284324972,0.065783515,0.291933544
6.690895917,0.03688801,0.223157323,0.045931048,0.23080203
6.700904917,0.018635844,0.171753554,0.046728609,0.178969665
6.710914917,-0.00529443,0.164598189,0.020760539,0.165986731
6.720893917,-0.018315435,0.122946663,0.04989663,0.133944058
6.730903917,-0.041955499,0.180753424,0.060625686,0.195211521
6.740913917,-0.12297864,0.183252652,0.09219071,0.239174429
6.750892917,-0.182952215,0.12159031,0.113357631,0.247195608
6.760902917,-0.276873263,0.118835906,0.162164925,0.342166975
6.770912917,-0.306193212,0.109699796,0.088890542,0.337179265
6.780921917,-0.27631785,0.102312149,0.032850242,0.296476759
6.790901917,-0.25077522,0.168097272,0.032610506,0.303658277
6.800910917,-0.190232181,0.170994695,-0.044368088,0.259607388
6.810920917,-0.037453737,0.154301516,-0.041556162,0.164129994
6.820930917,0.03710326,0.187259621,-0.00562853,0.190982978
6.830909917,0.084523019,0.203811937,0.095682083,0.240496377
6.840919917,0.069248328,0.189195452,0.075908554,0.215295979
6.850929917,0.05748077,0.205961593,0.042212219,0.217958914
6.860908917,0.01095019,0.232467022,0.046842629,0.237392196
6.870918917,-0.109966748,0.232776942,0.124137558,0.285810993
6.880928917,-0.247263438,0.154132659,0.161872564,0.333314883
6.890937917,-0.324783447,0.10468917,0.064706458,0.347319789
6.900917917,-0.376728759,0.125450093,0.045459178,0.399660882
6.910926917,-0.357233959,0.135731527,0.015730764,0.382474321
6.920936917,-0.145663278,0.159001599,-0.001507997,0.215642234
6.930946917,0.018092756,0.202253362,0.011675135,0.20339636
6.940925917,0.092276875,0.19415358,0.043489251,0.219321565
6.950935917,0.103547273,0.204018271,0.06973097,0.239181732
6.960945917,0.054951173,0.172329724,0.052106878,0.188234673
6.970924917,-0.0696583,0.163060334,0.081796115,0.195273029
6.980934917,-0.203598459,0.135664667,0.059125875,0.251700425
6.990943917,-0.256292087,0.109221091,0.101641565,0.29655672
7.000953917,-0.278513955,0.049883108,0.102937308,0.301088752
7.010932917,-0.189471641,0.143348219,0.086961545,0.253003014
7.020942917,-0.101092137,0.153644326,0.066847708,0.19569061
7.030952917,0.000876059,0.179975745,0.02383559,0.181549364
7.040931917,0.030189659,0.247515398,0.025365806,0.250636613
7.050941917,-0.00674755,0.276535714,0.060330986,0.283120749
7.060951917,-0.051027299,0.267711882,0.013493035,0.272865349
7.070961917,-0.078831997,0.216871913,-0.00751835,0.230877535
7.080940917,-0.115112627,0.190356672,0.008070912,0.222602154
7.090950917,-0.157606107,0.172005807,0.071976886,0.244144127
7.100959917,-0.240903056,0.166839847,0.146994908,0.327837337
7.110969917,-0.249937187,0.169300538,0.110132892,0.321341754
7.120948917,-0.195458094,0.154468783,0.029489847,0.250866742
7.130958917,-0.092323378,0.112024027,0.043178764,0.151450964
7.140968917,-0.008834266,0.18789134,0.076012634,0.202877106
7.150947917,-0.009204897,0.247510208,0.089823173,0.263465815
7.160957917,-0.033793289,0.169890869,0.057241902,0.182432259
7.170967917,-0.063096984,0.116758627,-0.038194013,0.138103545
7.180976917,-0.063897596,0.137630611,-0.039846436,0.156884755
7.190956917,-0.073689334,0.156338759,0.071718439,0.187124183
7.200965917,-0.153729768,0.150008874,0.112312734,0.242383279
7.210975917,-0.216206902,0.117448928,0.122583953,0.274893617
7.220985917,-0.227895705,0.123189231,0.095541165,0.276116195
7.230964917,-0.187440318,0.172413943,0.046273111,0.258846753
7.240974917,-0.104624412,0.237727177,0.0779849,0.27118651
7.250984917,-0.00594554,0.203640176,0.095883227,0.225162749
7.260963917,-0.009796206,0.194770406,0.091748076,0.215520733
7.270973917,-0.039138027,0.161420099,0.086120716,0.187096262
7.280982917,-0.061390959,0.135780753,0.050587771,0.15736704
7.290992917,-0.066952812,0.132953533,0.03076454,0.152005848
7.300972917,-0.05990255,0.191468959,0.041566102,0.204881474
7.310981917,-0.072691872,0.208551435,0.05664841,0.228006253
7.320991917,-0.138267391,0.191887893,0.047171828,0.241172172
7.331001917,-0.139355192,0.173232662,0.026772646,0.223933471
7.340980917,-0.129424245,0.190120097,0.016217837,0.230563017
7.350990917,-0.147073846,0.166213281,0.047836656,0.227037258
7.361000917,-0.139670375,0.101914429,0.049212506,0.17976717
7.370979917,-0.13010561,0.07440147,0.081629469,0.170664638
7.380989917,-0.12595648,0.042099386,0.110981907,0.173073328
7.390998917,-0.137158028,0.078577113,0.089235528,0.181520431
7.401008917,-0.15625244,0.097461756,0.094805585,0.207127298
7.410987917,-0.128746424,0.153824,0.051870065,0.207190657
7.420997917,-0.08333238,0.241451214,0.032226929,0.257452033
7.431007917,-0.091765874,0.284881518,0.03527976,0.301368738
7.441017917,-0.065661802,0.284801539,0.026311886,0.293454773
7.450996917,-0.049865749,0.255403803,0.06611856,0.268494618
7.461006917,-0.038295023,0.250582482,0.049349331,0.258250741
7.471015917,-0.053142493,0.184769511,0.05565146,0.200152396
7.480995917,-0.082816893,0.147398348,0.061654211,0.179961531
7.491004917,-0.096184011,0.097460312,0.082166829,0.159691153
7.501014917,-0.124826232,0.074550282,0.095512514,0.173959688
7.511024917,-0.187213976,0.11909967,0.090771006,0.239735646
7.521003917,-0.21745298,0.1290124,0.065535593,0.261198989
7.531013917,-0.177698821,0.164602337,0.05978778,0.249490238
7.541023917,-0.115026134,0.156206904,0.08627976,0.212310634
7.550973375,-0.070990808,0.182285468,0.063409545,0.205641574
7.560983375,-0.027143342,0.187484264,0.086652812,0.208316634
7.570993375,-0.019199314,0.214870959,0.062851721,0.224696421
7.581002375,-0.019643721,0.17385804,0.019955378,0.176098583
7.590982375,-0.028733492,0.251922006,0.001178214,0.253558077
7.600991375,-0.024586683,0.206081461,0.026001399,0.209165356
7.611001375,-0.059751162,0.177793911,0.069088946,0.199885364
7.621011375,-0.151424229,0.075959918,0.100879673,0.197169761
7.630990375,-0.200976074,0.041604164,0.100713612,0.228616536
7.641000375,-0.208172955,0.081986533,0.076624253,0.236493228
7.651010375,-0.210284531,0.128279762,0.061681108,0.25392881
7.660989375,-0.203535382,0.144169808,0.05619642,0.255674839
7.670999375,-0.145569668,0.191698827,0.045639857,0.244993806
7.681008375,-0.083542002,0.226180954,0.078925717,0.25370526
7.691018375,-0.013985517,0.253693986,0.056032113,0.260184225
7.700997375,0.008975714,0.270858616,0.04146436,0.274160986
7.711007375,0.001975939,0.247424309,0.039265807,0.250528435
7.721017375,-0.004800948,0.226687853,0.042433829,0.23067523
7.731027375,-0.046600207,0.148968801,0.068072115,0.170285336
7.741006375,-0.108509028,0.107944717,0.065321585,0.166412682
7.751016375,-0.165220424,0.047718487,0.092111773,0.19508824
7.761026375,-0.163533648,0.096308192,0.090497357,0.210257683
7.771005375,-0.148668601,0.1147722,0.058365152,0.196676134
7.781015375,-0.12407333,0.124604549,0.032659623,0.178849478
7.791024375,-0.081566557,0.123598061,0.040458055,0.153513641
7.801034375,-0.060401007,0.153569956,0.056624436,0.17446587
7.811013375,-0.081973761,0.171548719,0.05755239,0.198647774
7.821023375,-0.148222933,0.196502662,0.072128329,0.256487485
7.831033375,-0.137979251,0.20563541,0.083990575,0.261493044
7.841043375,-0.175183714,0.245796463,0.050456209,0.306024613
7.851022375,-0.131194946,0.261515368,0.043071175,0.295732189
7.861032375,-0.113948839,0.227438161,0.095843466,0.271842647
7.871041375,-0.081756171,0.183729255,0.067949908,0.212267993
7.881021375,-0.099502288,0.176720399,0.068537554,0.214075222
7.891030375,-0.088315413,0.109307721,0.058075715,0.152054526
7.901040375,-0.085646982,0.125366533,0.047923195,0.159213082
7.911050375,-0.062036711,0.127485856,-0.001782816,0.141789899
7.921029375,-0.070923528,0.145297571,0.034962841,0.165420468
7.931039375,-0.107698056,0.157079053,0.108035495,0.218962025
7.941049375,-0.157921801,0.177363428,0.129769596,0.270623777
7.951058375,-0.225561022,0.169295147,0.09063769,0.296232699
7.961038375,-0.265603065,0.246342574,0.116384735,0.380493178
7.971047375,-0.237154278,0.27555139,0.046821579,0.366555562
7.981057375,-0.154699346,0.308356206,0.044610162,0.347858454
7.991036375,-0.067259407,0.319432075,0.115991217,0.346431293
8.001046375,-0.026354424,0.320936528,0.315758416,0.450996882
8.011056375,-0.099042569,0.235746579,0.326293929,0.414552298
8.021066375,-0.158873015,0.186849275,0.547002931,0.599471011
8.031045375,-0.477118983,0.194245582,0.897136543,1.034518172
8.041055375,-0.780869046,0.202749188,1.314166396,1.54204313
8.051065375,-0.900030038,0.154259635,1.865980416,2.077434239
8.061044375,-0.905832011,-0.176643599,2.418844596,2.588927147
8.071054375,-0.813299312,-0.480895334,3.071594422,3.213628539
8.081063375,-0.66214886,-0.842600879,3.580952979,3.737865914
8.091073375,-0.746437351,-1.172739498,4.470931361,4.682062995
8.101052375,-0.870662032,-1.197808193,5.905455675,6.088284123
8.111062375,-0.620221473,-1.116522832,6.722659611,6.842912403
8.121072375,-0.469949493,-1.46433108,6.962974911,7.130788011
8.131082375,-0.605101158,-1.851210788,7.008017768,7.273612708
8.141061375,-0.547654603,-2.177499601,6.633298953,7.003005431
8.151071375,-0.21815333,-2.366922198,6.031774828,6.483225983
8.161080375,0.064053762,-2.237883212,5.548519412,5.983167373
8.171060375,0.269788484,-2.118519613,5.410860752,5.81707188
8.181069375,0.428449172,-2.104637446,5.238467878,5.661679361
8.191079375,0.21638791,-1.682998234,4.901551312,5.186955952
8.201089375,-0.334898107,-1.515992984,4.069416511,4.355518593
8.211068375,-0.487420973,-1.462875708,3.001505018,3.374406157
8.221078375,-0.441014254,-1.373605682,1.826283669,2.327358627
8.231088375,-0.284578431,-1.303337352,0.580268326,1.454779869
8.241098375,-0.190287986,-1.079714098,-0.12769325,1.1037652
8.251077375,-0.153551099,-0.837206091,-0.59230248,1.036973581
8.261087375,-0.004235431,-0.964228665,-1.352193178,1.660777302
8.271096375,-0.063126833,-1.328628899,-1.957991617,2.367059551
8.281076375,-0.258761951,-1.476487441,-2.597432595,2.998937978
8.291085375,-0.386535746,-1.382403402,-3.234618888,3.538814547
8.301095375,-0.492810644,-1.301520038,-3.750959605,4.000814254
8.311105375,-0.53003665,-1.338080923,-4.116843277,4.361169336
8.321084375,-0.353659191,-1.456845474,-4.347404838,4.59863049
8.331094375,-0.23339132,-1.456692277,-4.30064173,4.546640869
8.341104375,-0.20368995,-1.478911697,-4.140908078,4.401793852
8.351113375,-0.22802036,-1.628141411,-4.013615947,4.337274572
8.361093375,-0.238746639,-1.629724837,-3.850228955,4.187751903
8.371102375,-0.270481379,-1.511648503,-3.601349822,3.915094113
8.381112375,-0.38712266,-1.435965067,-3.32538931,3.642811234
8.391091375,-0.35818362,-1.433919711,-3.10970482,3.443063361
8.401101375,-0.293037598,-1.457819036,-2.940998615,3.295539444
8.411111375,-0.149706262,-1.333576813,-2.557431208,2.888129752
8.421121375,0.031674806,-1.28935666,-2.326957941,2.660484382
8.431100375,0.158939308,-1.223087826,-2.194145454,2.517037903
8.441110375,0.285159498,-1.079970791,-2.125600884,2.401214686
8.451120375,0.446167551,-0.926224102,-2.071169153,2.312292852
8.461129375,0.479988285,-0.811482435,-2.057843349,2.26353965
8.471109375,0.46315649,-0.706847096,-1.953654737,2.128594274
8.481118375,0.359532427,-0.565975977,-1.736416057,1.861379353
8.491128375,0.255076889,-0.536592548,-1.418117026,1.537547294
8.501107375,0.202642275,-0.558029026,-1.190584908,1.330395696
8.511117375,0.141573955,-0.467743923,-1.041904832,1.150822854
8.521127375,0.152479889,-0.396872746,-0.900288777,0.995629437
8.531137375,0.18475535,-0.361015865,-0.863101655,0.953630674
8.541116375,0.137093526,-0.289189838,-0.87579713,0.932440888
8.551122667,0.041906702,-0.205512089,-0.842430578,0.868147839
8.561131667,0.010679647,-0.139292371,-0.695752004,0.709638831
8.571111667,-0.030839092,-0.087398332,-0.624144663,0.630988176
8.581120667,-0.077114249,-0.089200444,-0.525275263,0.53834694
8.591130667,-0.140138171,-0.002649958,-0.515959479,0.534658688
8.601140667,-0.162359929,0.10961015,-0.594281763,0.625736323
8.611119667,-0.07475636,0.186624413,-0.681405276,0.710443759
8.621129667,-0.026596937,0.21439167,-0.575924429,0.615109855
8.631139667,0.103053229,0.208190698,-0.437498031,0.495346204
8.641148667,0.182167665,0.289821337,-0.110936884,0.359845047
8.651128667,0.126059245,0.235665595,0.141029579,0.30218959
8.661137667,-0.07073903,0.16001198,0.212508282,0.275259176
8.671147667,-0.200815897,0.200065407,0.197055845,0.345230644
8.681126667,-0.292191067,0.229666936,0.057227284,0.376028567
8.691136667,-0.190101167,0.197585603,-0.039265223,0.276984263
8.701146667,-0.178176063,0.235313593,-0.083129865,0.306642741
8.711156667,-0.135750713,0.180757316,-0.113438907,0.252922615
8.721135667,-0.162708131,0.154708555,-0.179831117,0.287659354
8.731145667,-0.169947569,0.158788742,-0.162837939,0.283922939
8.741155667,-0.252044085,0.113746471,-0.180442736,0.330187918
8.751164667,-0.248635596,0.073884248,-0.167809242,0.308931195
8.761144667,-0.16728387,0.066560025,-0.166594191,0.245291162
8.771153667,-0.056139702,0.125374829,-0.177859436,0.224732047
8.781163667,-0.1179322,0.189983053,-0.161730477,0.275967954
8.791142667,-0.224489812,0.244061027,-0.113438323,0.350470703
8.801152667,-0.302736667,0.318179163,-0.016798466,0.439510703
8.811162667,-0.314511205,0.146776807,-0.003331743,0.347090521
8.821172667,-0.326089277,0.077374451,0.041715206,0.337729448
8.831151667,-0.31515396,0.112215085,0.117039038,0.354418369
8.841161667,-0.212305968,0.080507973,0.069718691,0.237520639
8.851170667,-0.159359431,0.071523727,0.041110604,0.179446798
8.861180667,-0.113047436,0.116939051,0.044242373,0.168558156
8.871159667,-0.059043722,0.108096891,-0.006017954,0.123317942
8.881169667,-0.000143549,0.125170761,0.011333073,0.125682849
8.891179667,-0.061209677,0.155809586,0.049521239,0.174572635
8.901158667,-0.13240786,0.150493882,0.053363444,0.207431693
8.911168667,-0.198626115,0.18608413,0.000812763,0.27217696
8.921178667,-0.217897368,0.188303148,-0.024929019,0.289065381
8.931188667,-0.249696574,0.174090906,-0.012893111,0.304667449
8.941167667,-0.279649813,0.241992867,-0.019534378,0.370332496
8.951177667,-0.261922517,0.223876439,0.001697447,0.344567767
8.961186667,-0.301385521,0.160417777,0.065922094,0.347725205
8.971196667,-0.345398829,0.128222423,0.174978513,0.407871084
8.981175667,-0.313815094,0.131002774,0.21321638,0.401376213
8.991185667,-0.283555753,0.0665074,0.174270415,0.339407244
9.001195667,-0.250810176,0.129415255,0.079771224,0.293287403
9.011174667,-0.189673443,0.185555542,-0.016193279,0.265836597
9.021184667,-0.158234719,0.252125507,-0.0989115,0.313670181
9.031194667,-0.123423905,0.285586783,-0.128103139,0.336457554
9.041203667,-0.079107858,0.262876782,-0.142175049,0.309153684
9.051183667,-0.109707507,0.225392622,-0.116049104,0.276233534
9.061192667,-0.189006568,0.213205855,0.029959964,0.286492267
9.071202667,-0.222366395,0.16967158,0.159818437,0.322144675
9.081181667,-0.218686158,0.119360383,0.183138887,0.309209296
9.091191667,-0.181354902,0.086410738,0.137438804,0.243404685
9.101201667,-0.184564146,0.164321378,0.164050652,0.29661095
9.111211667,-0.183285945,0.142100789,0.124768472,0.263350609
9.121190667,-0.223785807,0.075919663,0.049542289,0.241450453
9.131200667,-0.262561617,0.140382877,0.079425069,0.308146551
9.141209667,-0.292300995,0.149860044,0.128622372,0.352762837
9.151219667,-0.279603766,0.127673954,0.067257013,0.314646485
9.161199667,-0.260989594,0.120190102,0.018791782,0.287948537
9.171208667,-0.228929749,0.119832838,-0.012226528,0.258685575
9.181218667,-0.225955855,0.118894944,0.013889476,0.255704856
9.191197667,-0.237230164,0.12984561,0.062179291,0.277496481
9.201207667,-0.228623208,0.125510484,0.033969399,0.263012116
9.211217667,-0.269221596,0.121033271,0.010267126,0.295355268
9.221227667,-0.255126737,0.105598961,-0.040914722,0.279132239
9.231206667,-0.239642579,0.10669122,-0.125479494,0.290786323
9.241216667,-0.220294434,0.134425734,-0.14049105,0.293832692
9.251225667,-0.207670734,0.127843523,-0.101077309,0.263984323
9.261235667,-0.216367444,0.128427075,-0.106908737,0.273382265
9.271214667,-0.181608671,0.074474816,-0.068269751,0.207819553
9.281224667,-0.174403439,0.062278694,0.024250742,0.186770699
9.291234667,-0.217333258,0.083577177,0.002417239,0.232862046
9.301213667,-0.204462221,0.095766867,-0.033494021,0.228249736
9.311223667,-0.168957635,0.100071588,-0.056802192,0.204419897
9.321233667,-0.177808712,0.134114662,-0.06358964,0.231616758
9.331242667,-0.225310615,0.152118824,-0.069866626,0.280689072
9.341222667,-0.263453026,0.142901273,-0.024450717,0.300709341
9.351231667,-0.268528993,0.147880762,0.026242304,0.307677101
9.361241667,-0.293834573,0.11657243,0.037405808,0.318319152
9.371251667,-0.215644729,0.100380321,-0.005311611,0.237922405
9.381230667,-0.128390676,0.185895265,-0.032875385,0.228302444
9.391240667,-0.124736751,0.202225953,-0.031672028,0.239703381
9.401250667,-0.054787972,0.17052235,-0.057298036,0.188049618
9.411229667,-0.049058724,0.157253264,-0.061040254,0.175673731
9.421239667,-0.074563402,0.220392668,0.015905011,0.2332072
9.431249667,-0.083564752,0.195242624,0.125337406,0.246601329
9.441258667,-0.102171907,0.158771785,0.185719848,0.264838518
9.451238667,-0.15287253,0.10804602,0.224236042,0.292105727
9.461247667,-0.178409952,0.112724962,0.20168684,0.291915415
9.471257667,-0.163994665,0.08859058,0.130194104,0.227361047
9.481236667,-0.169063762,0.118024294,0.067970374,0.217099657
9.491246667,-0.17936524,0.184384929,-0.035356944,0.25965324
9.501256667,-0.210606329,0.197597882,-0.083149745,0.300522593
9.511266667,-0.210791686,0.199803452,-0.085865777,0.302865458
9.521245667,-0.232374051,0.209927321,-0.075220921,0.322064228
9.531255667,-0.241248224,0.145408559,0.039779778,0.284476335
9.541264667,-0.239692134,0.148970683,0.034897352,0.284363163
9.551260917,-0.218859674,0.088835578,-0.031412412,0.238281465
9.561239917,-0.238701031,0.103732529,-0.032739145,0.262317501
9.571249917,-0.19887126,0.155425424,-0.100311323,0.271604864
9.581259917,-0.152005534,0.171761375,-0.165494914,0.282836028
9.591238917,-0.153876058,0.150791506,-0.153908072,0.26477087
9.601248917,-0.126767197,0.115331651,-0.124252163,0.211683518
9.611258917,-0.138863478,0.126470012,0.001761766,0.187831928
9.621268917,-0.223203132,0.078287201,0.081209639,0.250087044
9.631247917,-0.20745965,0.084171839,0.074366058,0.235912516
9.641257917,-0.188565542,0.085277547,0.068632278,0.218035807
9.651266917,-0.197360193,0.099671638,0.02051788,0.22205059
9.661276917,-0.252367582,0.104303218,0.012632909,0.273364496
9.671255917,-0.278036712,0.138152749,-0.011029603,0.310664204
9.681265917,-0.212351869,0.172782299,-0.043362951,0.277177533
9.691275917,-0.206713691,0.098771167,-0.017867922,0.229794596
9.701254917,-0.236286862,0.121459533,-0.022867291,0.266658606
9.711264917,-0.254906589,0.158256061,0.019031518,0.300640231
9.721274917,-0.244128416,0.180421686,-0.031802421,0.30522461
9.731283917,-0.21218727,0.182456517,-0.018096548,0.280430568
9.741263917,-0.17014272,0.144298757,-0.083688274,0.2382738
9.751272917,-0.134595157,0.173110912,-0.090568108,0.237246341
9.761282917,-0.147510487,0.175590717,-0.102279496,0.251102646
9.771292917,-0.179714904,0.147183774,-0.111421033,0.257633764
9.781271917,-0.228254541,0.119961476,-0.075797457,0.268767829
9.791281917,-0.268259729,0.125593514,-0.014989337,0.296583367
9.801291917,-0.254500354,0.11499836,0.000502861,0.279276396
9.811270917,-0.211788928,0.054042306,0.054430561,0.225250543
9.821280917,-0.169668072,0.02946412,0.001940106,0.172218329
9.831289917,-0.13249586,0.056749567,-0.027141021,0.146670724
9.841299917,-0.086303734,0.080411494,-0.065854266,0.135096733
9.851279917,-0.104455976,0.065568337,-0.067798465,0.140736952
9.861288917,-0.204862755,0.096025314,-0.010527327,0.226495991
9.871298917,-0.248982775,0.092319349,0.064179039,0.273192667
9.881308917,-0.218023814,0.036020018,0.130687609,0.256731526
9.891287917,-0.21588271,0.024020362,0.168039622,0.274626359
9.901297917,-0.190472465,0.064788319,0.118486809,0.233487494
9.911307917,-0.192898329,0.117800345,0.032136297,0.228296799
9.921286917,-0.198861612,0.14492324,-0.038426732,0.24904879
9.931296917,-0.225718458,0.142175049,-0.15017404,0.306128746
9.941305917,-0.266704662,0.160352288,-0.215500302,0.378529541
9.951315917,-0.299723304,0.20379827,-0.261911407,0.447174886
9.961294917,-0.289060322,0.207432314,-0.290990195,0.459629556
9.971304917,-0.238493601,0.213576568,-0.26255694,0.414041417
9.981314917,-0.25779906,0.264873022,-0.129379002,0.391608222
9.991293917,-0.218989628,0.246779982,-0.040211887,0.332376011
10.00130392,-0.187700008,0.159974558,0.003480847,0.246648066
10.01131392,-0.193148005,0.168760584,0.058371584,0.263046628
10.02132292,-0.188985518,0.199651424,0.082881358,0.287133309
10.03130292,-0.20553884,0.178174601,0.053828298,0.277290261
10.04131192,-0.201795452,0.186868826,0.011647654,0.27527628
10.05132192,-0.21118228,0.223035609,0.006959356,0.307231624
10.06133192,-0.206943633,0.229672199,0.018863118,0.309726982
10.07131092,-0.19025071,0.228848911,0.042360739,0.300602044
10.08132092,-0.125716452,0.200787538,0.061638424,0.244784716
10.09133092,-0.106353251,0.168878113,0.111699945,0.228708786
10.10130992,-0.136292603,0.154217389,0.154798018,0.25752884
10.11131992,-0.171602623,0.126372948,0.20733525,0.297330605
10.12132992,-0.22732118,0.128044667,0.191091685,0.323398188
10.13133892,-0.25777304,0.114714185,0.08246796,0.2939511
10.14131892,-0.28084016,0.120101225,-0.009336834,0.305585792
10.15132792,-0.29859713,0.125077205,-0.074903417,0.33228764
10.16133792,-0.291318224,0.103865261,-0.090268731,0.322184332
10.17134792,-0.248108177,0.109304926,-0.125292968,0.298669654
10.18132692,-0.220131297,0.098820868,-0.111012897,0.265607258
10.19133692,-0.145417037,0.081416046,-0.108995608,0.199134954
10.20134692,-0.115038413,0.092845598,-0.144241455,0.206542342
10.21132592,-0.126066116,0.144119833,-0.206092717,0.281313703
10.22133592,-0.130767131,0.167207564,-0.264433311,0.339092005
10.23134492,-0.131852666,0.176321034,-0.340933603,0.405844742
10.24135492,-0.126799064,0.135874674,-0.428086937,0.466688714
10.25133392,-0.190318683,0.124929271,-0.500850273,0.550163176
10.26134392,-0.149025646,0.093543756,-0.570080137,0.596615823
10.27135392,-0.171128999,0.02695391,-0.552185903,0.578723526
10.28136392,-0.263308745,0.05918961,-0.661869729,0.714777198
10.29134292,-0.434070685,0.018506438,-0.880948527,0.982257683
10.30135292,-0.610754977,0.030079247,-1.013820655,1.18395892
10.31136292,-0.661640079,0.065773575,-1.034376542,1.229645716
10.32134192,-0.649079821,0.139803418,-1.054262338,1.245920819
10.33135192,-0.975071157,0.23105565,-1.139368562,1.517336876
10.34136092,-0.565819271,0.018237466,-0.852126431,1.023036416
10.35137092,-0.294816759,-0.108500349,-0.764281957,0.826326907
10.36134992,-0.389437426,-0.208015866,-1.104161307,1.189161175
10.37135992,-0.387918758,-0.308476878,-1.440042915,1.522945352
10.38136992,-0.095816569,-0.359631245,-1.159450824,1.217719861
10.39134892,-0.1053525,-0.240645084,-0.88543568,0.923582995
10.40135892,-0.614457727,-0.573802475,-0.618493913,1.043715622
10.41136892,-0.475042418,-0.200682288,-0.650440176,0.830066926
10.42137792,-0.438334621,-0.153321011,-0.669976308,0.815176561
10.43135792,-0.445635455,-0.55513173,-0.745838084,1.031036684
10.44136692,-0.728716852,-0.965251928,-1.483201799,1.91379913
10.45137692,-0.767579932,-1.139311259,-0.912992438,1.649473943
10.46138692,-0.522966782,-0.494330043,0.084606872,0.724579029
10.47136592,-0.540869056,0.147912921,-0.082141685,0.566714059
10.48137592,-0.592734297,-0.049252852,-0.627913778,0.864890457
10.49138592,-0.354957857,-0.584216951,-0.493017343,0.842834875
10.50136492,-0.153297476,-0.66449279,0.127684479,0.693796879
10.51137492,-0.096657691,-0.691969441,-0.038710907,0.699759209
10.52138392,0.13384072,-0.489030712,-0.377880405,0.632343242
10.53139392,0.580063966,-0.105990724,-0.234814825,0.634701694
10.54137392,0.806542415,0.244052841,-0.383747501,0.925923648
10.55136575,0.994899065,0.544068798,0.343495853,1.184830962
10.56137575,1.06118873,0.884804766,0.829306503,1.611443536
10.57138575,0.800834656,0.977360342,0.523560859,1.367730002
10.58136475,0.351783404,0.636888084,-0.0593469,0.730000034
10.59137475,0.112924937,0.094498606,-0.387227179,0.41427879
10.60138475,-0.078460352,-0.092887698,-0.17786119,0.21545012
10.61136375,-0.286153378,-0.16886291,-0.206727725,0.391324406
10.62137375,-0.295574705,-0.214390501,-0.548382874,0.658825826
10.63138275,-0.311626262,-0.227597022,-0.829138688,0.91453939
10.64139275,-0.35886197,-0.145702089,-1.057355515,1.126060255
10.65137175,-0.208447537,-0.478836676,-0.902315422,1.042548828
10.66138175,-0.017477474,-0.515162503,-0.430602409,0.67165192
10.67139175,0.182306098,-0.303898509,-0.335261804,0.487842489
10.68140175,0.281204661,-0.02699601,-0.30285595,0.414157666
10.69138075,-0.0803797,0.439008366,0.515238517,0.681659718
10.70139075,-0.489952014,0.622275892,1.417934008,1.624135805
10.71139975,-0.48086946,0.372105987,1.242878897,1.38363516
10.72137975,-0.36791441,-0.266888849,0.318093794,0.554774128
10.73138875,-0.150961221,-0.636687817,-0.158476501,0.673257357
10.74139875,-0.065316907,-0.663044727,-0.07064606,0.669989159
10.75140875,0.089684447,-0.402220317,0.158242612,0.441435395
10.76138775,0.232283346,-0.134619861,0.118787355,0.293578773
10.77139775,0.301934356,0.141163188,-0.068034108,0.340176485
10.78140775,0.126071415,0.546675195,0.423268831,0.702783234
10.79138675,-0.013570657,0.912238147,1.16200021,1.477364913
10.80139675,-0.113909316,1.024106492,1.297625792,1.656985859
10.81140675,-0.103818922,0.753578044,0.880108282,1.163292235
10.82141575,-0.083688457,0.282705275,0.441652477,0.53102066
10.83139575,-0.157276689,-0.070522683,0.180384849,0.24949569
10.84140475,-0.216288032,-0.227418097,0.138093107,0.342883668
10.85141475,-0.144040128,-0.099873075,0.488512648,0.519005585
10.86142475,0.020695087,0.146412818,0.793326246,0.806989178
10.87140375,0.167776607,0.359526872,0.930431759,1.011489901
10.88141375,0.204042062,0.3678574,0.913292985,1.005512957
10.89142375,0.001787677,0.345987059,0.973430429,1.033091012
10.90140275,-0.129943039,0.348695197,0.987870712,1.055633496
10.91141275,-0.299916573,0.246197015,0.842929346,0.927950863
10.92142175,-0.28253048,0.099966045,0.483503923,0.568852113
10.93143175,-0.225102033,0.006416442,0.168123822,0.281029742
10.94141075,-0.178602215,0.085768713,0.17533227,0.264568381
10.95142075,-0.063065327,0.234619236,0.202046444,0.315984472
10.96143075,-0.003719505,0.379667021,0.262575651,0.461634979
10.97144075,0.084105181,0.474811745,0.417978855,0.638142773
10.98141975,0.090672316,0.491147696,0.519304086,0.720502784
10.99142975,0.087697372,0.364427716,0.557720878,0.671975421
11.00143975,0.068077168,0.172884918,0.562864673,0.592739686
11.01141875,0.127766861,-0.003442256,0.55420904,0.568756433
11.02142875,0.251095282,-0.142888409,0.64705113,0.708619152
11.03143775,0.440246405,-0.516734235,0.872431473,1.105426542
11.04144775,0.330778524,-0.822894154,0.987176648,1.327059514
11.05142675,0.115439788,-0.502776054,0.803558289,0.954890585
11.06143675,-0.312410447,0.138123513,0.675440531,0.756900458
11.07144675,-0.775461248,0.551964294,0.408727391,1.03588745
11.08145675,-0.60860788,0.651344448,0.446803874,0.99713933
11.09143575,-0.444116823,0.622288464,0.392956865,0.859591637
11.10144575,-0.350984711,0.417293269,0.230650438,0.592050306
11.11145475,-0.222099982,-0.040434666,0.144012828,0.267774268
11.12143475,-0.233907849,-0.411571769,0.246684673,0.533814135
11.13144375,-0.398058269,-0.459000582,0.410775086,0.733394907
11.14145375,-0.61781454,-0.071245691,0.35327766,0.715245314
11.15146375,-0.643390992,0.290216024,0.288951856,0.762673249
11.16144275,-0.457107545,0.391391273,0.176329805,0.627077856
11.17145275,-0.234782958,0.332761534,0.170879615,0.441648184
11.18146275,-0.164395053,0.283946932,0.16303616,0.366377378
11.19144175,-0.25234697,0.287022275,0.217139862,0.439557162
11.20145175,-0.341757037,0.3249479,0.176605793,0.503565901
11.21146075,-0.388380834,0.19389484,0.24028548,0.496157227
11.22147075,-0.962084053,0.221582576,1.123720828,1.49581184
11.23144975,-0.832447773,0.610656013,1.831377763,2.102335504
11.24145975,-0.770262781,0.613073837,1.840584204,2.087322326
11.25146975,-0.537534535,-0.212628442,0.937282941,1.101205495
11.26147975,-0.645092605,-0.146372765,0.26557001,0.712809151
11.27145875,-0.510680612,0.132300563,-0.235377327,0.577668255
11.28146875,-0.279796139,0.184219453,-0.585579352,0.674630168
11.29147875,-0.089687371,0.051044731,-0.790620739,0.797327124
11.30145775,0.142891333,-0.130541428,-0.891113327,0.911889225
11.31146775,0.139002934,-0.114555433,-0.846544095,0.865495042
11.32147675,0.109802085,0.101171156,-0.844116915,0.857219615
11.33148675,0.06904173,0.207758881,-0.651524835,0.687324613
11.34146575,0.08357016,0.168567041,-0.622252504,0.650074609
11.35147575,0.086172756,0.172627348,-0.549344156,0.582241314
11.36148575,-0.038444127,0.237654818,-0.413750149,0.478692959
11.37149575,-0.202413795,0.289193054,-0.220997854,0.416466107
11.38147475,-0.303930376,0.27319244,-0.071896779,0.41494208
11.39148475,-0.314858822,0.110588097,0.15579029,0.3682885
11.40149375,-0.393370117,-0.024393122,0.240943877,0.4619405
11.41147375,-0.439201909,0.008271179,0.382973914,0.582782763
11.42148275,-0.457074801,0.132930893,0.317331902,0.572090493
11.43149275,-0.49108133,0.222060586,0.340597973,0.637556865
11.44150275,-0.41286415,0.183364882,0.238757603,0.51096446
11.45148175,-0.227440463,0.027455309,0.054234095,0.23542365
11.46149175,-0.145407828,-0.059419113,-0.038919652,0.161829561
11.47150175,-0.235950501,-0.004721919,-0.019210442,0.236778327
11.48151175,-0.328054672,0.081139473,-0.043802077,0.340766935
11.49149075,-0.318793121,0.076309965,-0.129011212,0.352272845
11.50150075,-0.20128806,-0.035229474,-0.185877138,0.276239587
11.51150975,-0.105028565,-0.139865691,-0.180137511,0.25108352
11.52148975,-0.105281164,-0.088843764,-0.189616433,0.23437519
11.53149875,-0.206803154,0.055830677,-0.24792896,0.327648254
11.54150875,-0.272151928,0.229912227,-0.256933672,0.439250744
11.55151829,-0.182484876,0.257388001,-0.318614781,0.448402377
11.56149729,-0.029032303,0.181530611,-0.346384377,0.392145858
11.57150729,0.012472696,0.074906926,-0.333088394,0.34163503
11.58151729,-0.098594873,0.097654056,-0.203638641,0.246426378
11.59149629,-0.202078896,0.198264172,-0.064913449,0.290445035
11.60150629,-0.202025101,0.170694843,0.120942639,0.290822958
11.61151529,-0.179672073,0.053059974,0.227389446,0.294624125
11.62152529,-0.207692515,0.00359633,0.309530547,0.372771074
11.63150429,-0.212806782,0.015107451,0.252700288,0.330714979
11.64151429,-0.241567774,0.017196661,0.218577692,0.326231394
11.65152429,-0.172837555,0.102599339,0.191707982,0.2777614
11.66153429,-0.02416011,0.084659497,0.037777691,0.095802376
11.67151329,-0.014000281,0.157928909,-0.043862888,0.164503803
11.68152329,0.020997936,0.124901789,-0.125196488,0.178088548
11.69153329,-0.002796431,0.023877982,-0.108868139,0.11149103
11.70151229,-0.100803367,-0.071558225,-0.149306898,0.193841296
11.71152229,-0.342179645,0.092562301,-0.60640538,0.702411684
11.72153129,-0.106832431,0.245812268,-0.131286948,0.298451172
11.73154129,0.026178277,0.112443711,-0.27380289,0.297147964
11.74152029,-0.159262952,0.029350391,-0.293833112,0.335505634
11.75153029,-0.311945447,0.108149808,-0.268358547,0.425467569
11.76154029,-0.354585975,0.243743523,-0.405449442,0.59121178
11.77155029,-0.40951121,0.167801348,-0.447003849,0.629022388
11.78152929,-0.526431257,-0.027087811,-0.732324584,0.902309766
11.79153929,-0.550826718,0.451131983,-0.822969875,1.088213929
